Tarih,Şimdi,Açılış,Yüksek,Düşük,Fark %
10.12.2024,36.6605,36.7564,36.9536,36.4821,-0.18
09.12.2024,36.7272,36.7187,36.9414,36.5558,0.04
06.12.2024,36.7107,36.7498,37.0322,36.5384,0.0
05.12.2024,36.7099,36.5152,36.8597,36.3918,0.89
04.12.2024,36.3856,36.5057,36.6986,36.3009,-0.24
03.12.2024,36.4737,36.4474,36.6473,36.3346,0.13
02.12.2024,36.4261,36.6983,36.7877,36.246,-0.71
29.11.2024,36.686,36.5462,36.8397,36.398,0.43
28.11.2024,36.5287,36.6036,36.7427,36.3448,-0.12
27.11.2024,36.5743,36.3299,36.7449,36.1824,0.77
26.11.2024,36.2939,36.2772,36.5785,36.058,0.12
25.11.2024,36.2517,35.962,36.5474,35.8103,0.74
22.11.2024,35.9868,36.1256,36.367,35.6145,-0.28
21.11.2024,36.0863,36.338,36.4944,35.9774,-0.62
20.11.2024,36.3117,36.5298,36.6765,36.1314,-0.07
19.11.2024,36.3374,36.5928,36.9262,36.3367,-0.66
18.11.2024,36.5788,36.2967,36.8012,36.1171,0.82
15.11.2024,36.2805,36.1591,36.7455,36.0379,0.4
14.11.2024,36.1371,36.2927,36.4268,35.9905,-0.4
13.11.2024,36.284,36.4885,36.6693,36.1602,-0.55
12.11.2024,36.4863,36.5891,36.7395,36.2891,-0.2
11.11.2024,36.5612,36.8247,37.0238,36.4275,0.22
08.11.2024,36.4805,36.9933,37.1835,36.6113,-1.32
07.11.2024,36.9688,36.7011,37.1387,36.5395,0.8
06.11.2024,36.675,37.5117,37.5975,36.4896,-2.21
05.11.2024,37.5028,37.3598,37.6119,37.2449,0.42
04.11.2024,37.3448,37.1894,37.5495,37.1597,0.5
01.11.2024,37.1594,37.2825,37.505,37.0728,-0.28
31.10.2024,37.2642,37.1791,37.382,37.062,0.36
30.10.2024,37.1289,37.0762,37.2882,36.8768,0.19
29.10.2024,37.0575,37.0944,37.1666,36.8335,-0.03
28.10.2024,37.067,37.0131,37.2238,36.8584,0.18
25.10.2024,37.0013,37.0838,37.2553,36.8634,-0.14
24.10.2024,37.0515,36.967,37.1511,36.8129,0.33
23.10.2024,36.9278,36.9929,37.1715,36.7898,-0.1
22.10.2024,36.9643,37.0014,37.1706,36.8716,-0.11
21.10.2024,37.0061,37.1348,37.4768,36.8982,0.21
18.10.2024,36.9281,36.9674,37.4566,36.8519,-0.09
17.10.2024,36.9602,37.118,37.2556,36.8046,-0.38
16.10.2024,37.1005,37.2607,37.4828,36.8923,-0.3
15.10.2024,37.2103,37.3858,37.6763,37.1351,-0.43
14.10.2024,37.3709,37.5059,37.6398,37.2415,-0.22
11.10.2024,37.4529,37.3837,37.7006,37.268,0.29
10.10.2024,37.3451,37.4514,37.5948,37.1911,-0.2
09.10.2024,37.4209,37.6219,37.7004,37.3489,-0.47
08.10.2024,37.5963,37.6053,37.7477,37.3647,0.07
07.10.2024,37.5695,37.595,37.7233,37.4297,-0.06
04.10.2024,37.5928,37.6274,37.9091,37.3922,-0.07
03.10.2024,37.6184,37.7942,37.8965,37.4939,-0.36
02.10.2024,37.7539,37.8654,37.9875,37.6003,-0.28
01.10.2024,37.8589,38.0648,38.2676,37.6844,-0.46
30.09.2024,38.0343,38.1456,38.4076,37.8926,-0.26
27.09.2024,38.1345,38.1706,38.3534,37.8779,-0.05
26.09.2024,38.1546,38.0057,38.2776,37.8502,0.49
25.09.2024,37.9672,38.15,38.311,37.9247,-0.45
24.09.2024,38.1391,37.9239,38.187,37.7719,0.6
23.09.2024,37.9129,38.0675,38.3154,37.7333,-0.37
20.09.2024,38.0542,37.9829,38.1681,37.8931,0.32
19.09.2024,37.933,37.8832,38.1215,37.6618,0.15
18.09.2024,37.8776,37.8761,38.1569,37.736,0.01
17.09.2024,37.8725,37.8479,38.0085,37.6911,0.13
16.09.2024,37.8242,37.5752,37.9916,37.3233,0.81
13.09.2024,37.5213,37.5542,37.7826,37.4095,-0.08
12.09.2024,37.5504,37.4266,37.5822,37.2758,0.4
11.09.2024,37.4019,37.5056,37.6947,37.2762,-0.2
10.09.2024,37.478,37.5865,37.7412,37.393,-0.21
09.09.2024,37.5554,37.6606,37.907,37.4548,-0.19
06.09.2024,37.6273,37.7202,37.9694,37.4784,-0.15
05.09.2024,37.6846,37.7024,37.8688,37.4833,0.06
04.09.2024,37.663,37.5516,37.7896,37.4691,0.39
03.09.2024,37.5169,37.5143,37.6832,37.3298,0.02
02.09.2024,37.5084,37.6438,37.7686,37.3461,-0.35
30.08.2024,37.6383,37.7458,37.8215,37.5736,-0.23
29.08.2024,37.7241,37.8728,38.1361,37.5172,-0.33
28.08.2024,37.8503,38.0475,38.4748,37.6832,-0.46
27.08.2024,38.0263,37.9398,38.1117,37.8308,0.3
26.08.2024,37.9129,38.0204,38.1445,37.7469,-0.23
23.08.2024,37.9999,37.6786,38.1003,37.5505,1.45
22.08.2024,37.4586,37.7705,37.9593,37.5224,-0.69
21.08.2024,37.7185,37.7166,37.9061,37.5642,0.08
20.08.2024,37.69,37.3487,37.794,37.2629,0.81
19.08.2024,37.3877,37.1401,37.4576,37.043,0.71
16.08.2024,37.1238,36.9106,37.3219,36.7956,0.7
15.08.2024,36.8672,37.005,37.1365,36.7056,-0.36
14.08.2024,36.9994,36.8704,37.1401,36.7333,0.4
13.08.2024,36.8529,36.6151,36.907,36.4981,1.03
12.08.2024,36.4767,36.6021,36.7813,36.4803,-0.2
09.08.2024,36.551,36.5979,36.7722,36.4297,-0.05
08.08.2024,36.5708,36.5592,36.7707,36.3391,0.17
07.08.2024,36.5081,36.7319,36.8021,36.4362,-0.5
06.08.2024,36.6916,36.5359,36.9075,36.2611,0.53
05.08.2024,36.4973,36.2449,36.8115,36.1673,0.86
02.08.2024,36.1863,35.7165,36.3845,35.6376,1.36
01.08.2024,35.7023,35.8813,35.9919,35.5921,-0.48
31.07.2024,35.8742,35.7873,36.0291,35.7122,0.28
30.07.2024,35.7754,35.7993,35.9267,35.6415,0.06
29.07.2024,35.7523,35.793,36.0168,35.5736,0.09
26.07.2024,35.7208,35.7408,36.0294,35.6188,-0.02
25.07.2024,35.7288,35.5812,35.9883,35.5056,0.57
24.07.2024,35.5261,35.6605,35.8013,35.4851,-0.36
23.07.2024,35.655,35.8461,36.0897,35.4549,-0.51
22.07.2024,35.8374,35.967,36.1874,35.6594,-0.34
19.07.2024,35.9604,36.0401,36.1879,35.787,-0.13
18.07.2024,36.0076,36.1836,36.2896,35.9647,-0.39
17.07.2024,36.147,36.0236,36.3331,35.924,0.36
16.07.2024,36.018,35.9574,36.1445,35.8433,0.28
15.07.2024,35.916,36.0043,36.1152,35.8779,-0.27
12.07.2024,36.0131,35.6804,36.1217,35.6043,1.02
11.07.2024,35.6485,35.5905,35.866,35.5129,0.18
10.07.2024,35.5835,35.5491,35.8018,35.4457,0.29
09.07.2024,35.4817,35.3854,35.7296,35.2838,0.34
08.07.2024,35.3603,35.3213,35.6207,35.1699,-0.01
05.07.2024,35.3633,35.2231,35.5943,35.1445,0.5
04.07.2024,35.1857,35.1156,35.2801,34.9866,0.28
03.07.2024,35.0881,34.9674,35.2771,34.8323,0.34
02.07.2024,34.9685,35.0844,35.1672,34.8174,-0.2
01.07.2024,35.0378,35.1107,35.3946,34.9399,0.18
28.06.2024,34.9763,35.1528,35.3763,34.8901,-0.37
27.06.2024,35.1069,35.0797,35.325,34.9987,0.11
26.06.2024,35.0676,35.3091,35.4033,34.95,-0.57
25.06.2024,35.2678,35.3373,35.4775,35.0981,-0.08
24.06.2024,35.295,35.0994,35.4021,34.9515,0.55
21.06.2024,35.1009,35.1112,35.3015,34.897,0.0
20.06.2024,35.1024,34.9473,35.3228,34.7743,0.53
19.06.2024,34.9173,34.9305,35.1455,34.7658,0.1
18.06.2024,34.8827,35.1962,35.3349,34.8786,-0.88
17.06.2024,35.1924,35.0241,35.3325,34.9397,0.81
14.06.2024,34.9112,34.693,35.1961,34.6609,0.75
13.06.2024,34.6513,34.9203,35.0472,34.6277,-0.75
12.06.2024,34.9135,34.7549,35.1323,34.6455,0.54
11.06.2024,34.7244,34.8507,34.9737,34.564,-0.33
10.06.2024,34.8405,34.8937,35.0793,34.5569,0.05
07.06.2024,34.8224,35.106,35.3435,34.7501,-0.77
06.06.2024,35.0941,35.0597,35.2923,34.8806,0.2
05.06.2024,35.0247,35.4503,35.5908,34.9281,-1.16
04.06.2024,35.4345,35.0944,35.5634,34.8989,1.04
03.06.2024,35.0693,34.9434,35.1456,34.763,0.36
31.05.2024,34.9429,34.8923,35.3058,34.7579,0.17
30.05.2024,34.8836,34.8424,35.078,34.6928,0.27
29.05.2024,34.791,35.0014,35.1335,34.722,-0.57
28.05.2024,34.9895,34.8935,35.158,34.6731,0.3
27.05.2024,34.8848,34.9784,35.1362,34.6768,-0.1
24.05.2024,34.9212,34.8115,35.0594,34.679,0.43
23.05.2024,34.773,34.8409,35.0158,34.6918,-0.02
22.05.2024,34.7804,34.9473,35.308,34.7277,-0.23
21.05.2024,34.8594,34.9743,35.0905,34.8016,-0.06
20.05.2024,34.88,34.9893,35.1746,34.8299,-0.34
17.05.2024,35.0,35.0747,35.1994,34.8251,-0.18
16.05.2024,35.0631,35.0079,35.1658,34.7982,0.19
15.05.2024,34.9965,34.9282,35.1375,34.8073,0.26
14.05.2024,34.9053,34.8226,35.0159,34.5372,0.25
13.05.2024,34.8172,34.7703,34.9644,34.536,0.41
10.05.2024,34.675,34.773,34.9115,34.5503,-0.23
09.05.2024,34.7558,34.66,34.9005,34.4009,0.41
08.05.2024,34.6136,34.7082,35.0,34.5186,-0.12
07.05.2024,34.6555,34.7488,34.8569,34.5626,-0.24
06.05.2024,34.7402,34.8007,35.0831,34.6117,-0.13
03.05.2024,34.7856,34.7231,35.0139,34.5827,0.31
02.05.2024,34.6791,34.794,34.8574,34.4598,-0.24
01.05.2024,34.7609,34.5623,34.8746,34.4596,0.6
30.04.2024,34.5521,34.8502,34.8935,34.4364,-0.56
29.04.2024,34.746,34.7641,34.9871,34.4878,0.33
26.04.2024,34.6312,34.8905,35.0938,34.5468,-0.73
25.04.2024,34.8856,34.8159,35.0026,34.6521,0.22
24.04.2024,34.8073,34.8494,34.9321,34.5939,0.13
23.04.2024,34.7627,34.6468,34.9072,34.5222,0.46
22.04.2024,34.6043,34.6295,34.868,34.4211,-0.04
19.04.2024,34.6192,34.6237,35.0078,34.4092,0.02
18.04.2024,34.6136,34.563,34.832,34.4844,0.17
17.04.2024,34.5544,34.4716,34.7357,34.3693,0.5
16.04.2024,34.3839,34.4508,34.6841,34.2941,-0.1
15.04.2024,34.4167,34.445,34.7402,34.2777,0.0
12.04.2024,34.4176,34.6532,35.422,34.3605,-0.64
11.04.2024,34.6381,34.7044,34.7842,34.4532,-0.08
10.04.2024,34.6665,35.1176,35.1815,34.6137,-1.04
09.04.2024,35.0297,34.7646,35.1488,34.6967,0.8
08.04.2024,34.7528,34.7113,34.9308,34.451,0.12
05.04.2024,34.7125,34.5821,34.8101,34.3377,0.52
04.04.2024,34.5315,34.6152,34.7436,34.4399,-0.24
03.04.2024,34.6162,34.4925,34.7109,34.2895,0.32
02.04.2024,34.5045,34.5404,34.8068,34.3028,0.13
01.04.2024,34.4582,34.9104,35.1303,33.9478,-1.28
29.03.2024,34.9046,34.9017,35.2175,34.6809,0.17
28.03.2024,34.8469,34.9558,35.0624,34.7299,-0.18
27.03.2024,34.9094,34.8605,35.0107,34.7076,0.19
26.03.2024,34.8441,34.8395,35.038,34.7319,0.13
25.03.2024,34.7994,34.5838,34.9827,34.3996,0.6
22.03.2024,34.5903,34.8334,35.1163,34.3114,-0.56
21.03.2024,34.7839,35.1211,35.5438,34.4409,-0.92
20.03.2024,35.1077,35.1563,35.4312,34.9371,-0.14
19.03.2024,35.1573,35.1326,35.3998,34.9422,0.29
18.03.2024,35.0546,34.986,35.4539,34.9259,0.26
15.03.2024,34.9629,34.9874,35.3075,34.825,-0.04
14.03.2024,34.976,35.0127,35.3396,34.7797,0.15
13.03.2024,34.9226,35.0327,35.6282,34.9221,-0.2
12.03.2024,34.9936,34.9817,35.2025,34.8458,0.26
11.03.2024,34.9029,34.8097,35.1486,34.7744,0.47
08.03.2024,34.738,34.8841,35.1558,34.6258,-0.39
07.03.2024,34.8751,34.617,34.949,34.5038,0.8
06.03.2024,34.5983,34.3459,34.7203,34.2697,0.79
05.03.2024,34.3277,34.2692,34.5158,34.1517,0.2
04.03.2024,34.2591,33.9928,34.4963,33.9397,0.97
01.03.2024,33.9305,33.7393,34.0958,33.6712,0.71
29.02.2024,33.6927,33.817,33.9836,33.6447,-0.24
28.02.2024,33.7753,33.7775,34.0589,33.5674,0.24
27.02.2024,33.6961,33.7599,34.0534,33.64,0.05
26.02.2024,33.6786,33.6081,33.9412,33.5317,0.54
23.02.2024,33.498,33.505,33.7827,33.2496,0.23
22.02.2024,33.4207,33.5266,33.8418,33.166,-0.03
21.02.2024,33.4307,33.4171,33.72,33.2791,0.15
20.02.2024,33.3792,33.2481,33.5979,33.12,0.52
19.02.2024,33.2062,33.2385,33.4039,33.0672,0.01
16.02.2024,33.2035,32.6679,33.3102,32.6679,1.88
15.02.2024,32.5901,32.984,33.4115,32.6432,-1.15
14.02.2024,32.9693,32.8994,33.1455,32.7644,0.25
13.02.2024,32.8863,33.0766,33.2275,32.3353,-0.34
12.02.2024,32.9996,33.0781,33.2403,32.8995,-0.17
09.02.2024,33.0544,32.9869,33.2263,32.5421,0.34
08.02.2024,32.9418,32.9338,33.0933,32.7297,0.14
07.02.2024,32.8947,32.6981,33.0972,32.6587,0.86
06.02.2024,32.6143,32.805,33.1424,32.5681,-0.48
05.02.2024,32.7704,32.8788,33.0907,32.6226,-0.04
02.02.2024,32.7823,32.9926,33.2677,32.6988,-0.37
01.02.2024,32.9035,32.812,33.0384,32.6299,0.35
31.01.2024,32.7888,32.9082,33.0924,32.5886,-0.29
30.01.2024,32.8832,32.8735,33.0558,32.7118,0.14
29.01.2024,32.8373,32.8422,33.0174,32.6655,-0.05
26.01.2024,32.8537,32.8162,33.2379,32.4636,0.19
25.01.2024,32.7926,32.9076,33.0702,32.6507,-0.32
24.01.2024,32.8965,32.8605,33.1144,32.6946,0.33
23.01.2024,32.7898,32.9184,33.1142,32.4874,-0.28
22.01.2024,32.8818,32.9218,33.043,32.7766,-0.09
19.01.2024,32.9108,32.7694,33.0275,32.6845,0.52
18.01.2024,32.7417,32.7888,32.9703,32.5835,0.0
17.01.2024,32.7416,32.7219,32.8779,32.5767,0.31
16.01.2024,32.6403,32.9336,33.1397,32.452,-0.87
15.01.2024,32.9253,32.9355,33.1235,32.6429,0.03
12.01.2024,32.9166,32.929,33.5221,32.7693,0.14
11.01.2024,32.8707,32.8861,33.039,32.6054,0.03
10.01.2024,32.8602,32.7346,32.9397,32.6255,0.43
09.01.2024,32.7183,32.7608,32.8872,32.5826,-0.02
08.01.2024,32.7262,32.6343,32.8535,32.5211,0.34
05.01.2024,32.6167,32.5643,32.8298,32.3534,0.44
04.01.2024,32.4723,32.5203,32.7473,32.4042,0.14
03.01.2024,32.4274,32.5503,32.8434,32.3701,-0.12
02.01.2024,32.4666,32.7043,32.8681,32.3274,-0.47
01.01.2024,32.62,32.5578,32.7609,32.5034,0.28
29.12.2023,32.5304,32.5537,32.9733,32.2248,0.02
28.12.2023,32.5239,32.632,32.8663,32.4585,-0.28
27.12.2023,32.6137,32.3097,32.7182,32.1846,1.21
26.12.2023,32.224,32.2776,32.436,32.1288,0.1
25.12.2023,32.1915,32.0918,32.347,31.8763,0.14
22.12.2023,32.1472,32.085,32.3895,31.9559,0.34
21.12.2023,32.0394,31.8754,32.2297,31.7573,0.62
20.12.2023,31.8424,31.9445,32.0238,31.726,-0.24
19.12.2023,31.919,31.7444,32.0429,31.622,0.64
18.12.2023,31.7149,31.597,31.8193,31.4734,0.56
15.12.2023,31.5393,31.8708,32.0259,31.4988,-0.94
14.12.2023,31.838,31.5209,31.9513,31.4245,1.16
13.12.2023,31.4727,31.2834,31.6194,31.1427,0.9
12.12.2023,31.1922,31.1999,31.4995,31.0734,0.12
11.12.2023,31.1533,31.1539,31.3576,31.0123,0.33
08.12.2023,31.0516,31.2227,31.3551,30.9751,-0.26
07.12.2023,31.1331,31.112,31.3298,30.9923,0.19
06.12.2023,31.0729,31.2171,31.3428,31.0183,-0.19
05.12.2023,31.1332,31.3482,31.4562,31.084,-0.68
04.12.2023,31.3478,31.4658,31.7159,31.1261,-0.28
01.12.2023,31.4365,31.4354,31.6467,31.2245,0.09
30.11.2023,31.4084,31.7243,31.8792,31.2962,-0.78
29.11.2023,31.6561,31.7849,31.9277,31.5685,-0.3
28.11.2023,31.7501,31.667,31.8745,31.5201,0.44
27.11.2023,31.6097,31.5819,31.7638,31.4469,0.12
24.11.2023,31.5706,31.4321,31.6905,31.332,0.6
23.11.2023,31.3816,31.3998,31.6222,31.1066,-0.03
22.11.2023,31.3923,31.4111,31.559,31.2076,0.03
21.11.2023,31.3839,31.4625,31.6574,31.2967,0.01
20.11.2023,31.3811,31.3078,31.5681,31.165,0.41
17.11.2023,31.2535,31.0554,31.3888,30.8333,0.92
16.11.2023,30.9683,31.1044,31.3206,30.9402,-0.36
15.11.2023,31.0795,31.1399,31.382,30.6672,-0.18
14.11.2023,31.1345,30.5973,31.2861,30.4814,1.92
13.11.2023,30.5482,30.5127,30.6824,30.3556,0.26
10.11.2023,30.4677,30.3874,30.7341,30.2931,0.54
09.11.2023,30.3032,30.4818,30.6462,30.2782,-0.46
08.11.2023,30.4426,30.4784,30.5872,30.2753,0.02
07.11.2023,30.4368,30.4757,30.7083,30.274,0.14
06.11.2023,30.3953,30.4484,30.6682,30.2705,-0.17
03.11.2023,30.4462,30.12,30.5766,30.0181,1.25
02.11.2023,30.0717,29.9386,30.3204,29.8463,0.5
01.11.2023,29.9207,29.9356,30.037,29.5882,0.06
31.10.2023,29.9039,29.9981,30.2806,29.7796,-0.18
30.10.2023,29.9593,29.826,30.0855,29.6469,0.7
27.10.2023,29.752,29.7368,29.97,29.5329,0.16
26.10.2023,29.7034,29.7358,29.9797,29.511,0.02
25.10.2023,29.6967,29.7599,29.9927,29.5947,-0.19
24.10.2023,29.7531,29.9625,30.1512,29.6453,-0.6
23.10.2023,29.9331,29.6629,30.0201,29.5446,1.11
20.10.2023,29.6056,29.5981,29.8863,29.3196,0.12
19.10.2023,29.5697,29.5009,29.7481,29.3606,0.25
18.10.2023,29.4957,29.5104,29.9034,29.3706,-0.1
17.10.2023,29.524,29.4203,29.6594,29.1758,0.59
16.10.2023,29.3517,29.2248,29.5095,29.0324,0.61
13.10.2023,29.1742,29.209,29.4981,29.0875,0.08
12.10.2023,29.1518,29.4261,29.6072,29.1105,-0.87
11.10.2023,29.4069,29.406,29.6082,29.1686,0.11
10.10.2023,29.3756,29.2686,29.5882,29.1471,0.4
09.10.2023,29.2574,29.253,29.7848,28.9471,0.35
06.10.2023,29.1544,29.0774,29.4702,28.8486,0.48
05.10.2023,29.0141,28.9715,29.1598,28.7672,0.25
04.10.2023,28.9407,28.7881,29.1063,28.6592,0.7
03.10.2023,28.7403,28.7773,29.0008,28.6242,0.04
02.10.2023,28.7295,28.9632,29.3783,28.6622,-0.7
29.09.2023,28.9317,28.9197,29.2794,28.834,0.14
28.09.2023,28.8924,28.2573,29.112,28.2573,2.56
27.09.2023,28.1718,28.8075,29.3688,28.2408,-2.04
26.09.2023,28.7598,28.8337,29.2267,28.6772,-0.09
25.09.2023,28.7844,28.947,29.0847,28.6714,-0.3
22.09.2023,28.871,28.9069,29.2167,28.7279,-0.09
21.09.2023,28.8961,28.8051,29.0322,28.3578,0.48
20.09.2023,28.7586,28.8512,29.1332,28.666,-0.03
19.09.2023,28.7681,28.9033,29.1019,28.6066,-0.37
18.09.2023,28.8756,28.7682,28.9608,28.5418,0.67
15.09.2023,28.6823,28.6817,28.9709,28.5431,0.34
14.09.2023,28.5844,28.9056,29.4119,28.5643,-1.03
13.09.2023,28.8814,28.9209,29.1617,28.7395,0.04
12.09.2023,28.8712,28.8914,29.1498,28.6378,0.21
11.09.2023,28.8097,28.7311,29.0168,28.4905,0.39
08.09.2023,28.6977,28.7151,29.0208,28.5933,0.07
07.09.2023,28.6769,28.7712,29.0943,28.556,-0.11
06.09.2023,28.7092,28.7275,28.9297,28.4189,0.0
05.09.2023,28.7104,28.8892,29.0303,28.4525,-0.55
04.09.2023,28.8705,28.7825,29.1197,28.528,0.63
01.09.2023,28.6897,28.9375,29.1724,28.6973,-0.7
31.08.2023,28.8915,29.1807,29.3576,28.7516,-0.9
30.08.2023,29.1527,28.8953,29.2901,28.656,0.92
29.08.2023,28.8859,28.6589,29.0419,27.9247,0.76
28.08.2023,28.6683,28.4687,28.8551,28.4379,-0.01
25.08.2023,28.6702,27.8762,28.8626,27.6963,2.88
24.08.2023,27.8682,29.5432,29.7525,27.2195,-5.58
23.08.2023,29.5139,29.5112,29.7129,29.2687,0.11
22.08.2023,29.4811,29.5823,29.8535,29.2852,-0.26
21.08.2023,29.5571,29.4807,29.7833,29.3592,0.48
18.08.2023,29.4156,29.4736,29.6734,29.2596,0.1
17.08.2023,29.3862,29.448,29.719,29.2961,-0.1
16.08.2023,29.4149,29.5111,29.6943,29.3307,-0.25
15.08.2023,29.4888,29.4904,29.769,29.3178,0.29
14.08.2023,29.4037,29.5037,29.8839,29.1767,0.02
11.08.2023,29.3991,29.6738,30.0005,29.3639,-0.82
10.08.2023,29.6418,29.6437,30.0226,29.1355,0.09
09.08.2023,29.6151,29.5609,29.9874,29.4353,0.21
08.08.2023,29.5532,29.6938,30.1356,29.3965,-0.44
07.08.2023,29.6828,29.702,29.8503,29.4548,0.08
04.08.2023,29.6577,29.5203,30.0337,29.3854,0.53
03.08.2023,29.5002,29.4894,30.0368,29.3171,0.07
02.08.2023,29.4795,29.6199,30.0282,29.3333,-0.19
01.08.2023,29.5348,29.6148,29.9342,29.413,-0.18
31.07.2023,29.5873,29.6001,29.8798,29.5109,-0.15
28.07.2023,29.6307,29.5787,29.9123,29.3773,0.26
27.07.2023,29.5533,29.847,30.1966,29.4497,-0.94
26.07.2023,29.8329,29.7374,30.033,29.54,0.37
25.07.2023,29.7235,29.821,30.0762,29.5429,-0.19
24.07.2023,29.7808,29.9489,30.1855,29.6816,-0.72
21.07.2023,29.9966,29.7705,30.1546,29.6819,0.86
20.07.2023,29.7404,30.0078,30.4672,29.6686,-0.8
19.07.2023,29.9811,30.2289,30.6803,29.7544,-0.79
18.07.2023,30.2189,29.6105,30.5282,29.483,2.13
17.07.2023,29.5881,29.3866,29.7278,29.1085,0.99
14.07.2023,29.2972,29.2346,29.5856,29.124,0.38
13.07.2023,29.1853,29.1029,29.3719,28.9669,0.36
12.07.2023,29.0806,28.6961,29.2036,28.6231,1.66
11.07.2023,28.607,28.7097,28.9519,28.5162,-0.33
10.07.2023,28.7019,28.5935,28.7964,28.3433,0.45
07.07.2023,28.5747,28.3993,28.7192,28.1745,0.63
06.07.2023,28.3958,28.3141,28.5854,27.9261,0.37
05.07.2023,28.292,28.2847,28.5826,28.1038,0.05
04.07.2023,28.2765,28.315,28.5933,28.0423,0.05
03.07.2023,28.2633,28.4268,28.5861,28.0811,-0.54
30.06.2023,28.4163,28.2892,28.5661,28.1125,0.51
29.06.2023,28.2719,28.4285,28.5737,28.1539,-0.4
28.06.2023,28.3855,28.5205,28.7381,28.257,-0.38
27.06.2023,28.4949,28.2313,28.7029,27.7856,0.84
26.06.2023,28.2563,27.5288,28.5369,27.3307,2.84
23.06.2023,27.4762,27.2678,28.2764,26.8978,0.77
22.06.2023,27.267,25.8944,27.4004,25.6914,5.51
21.06.2023,25.8424,25.7344,26.017,25.5499,0.53
20.06.2023,25.7055,25.7899,25.9722,25.5409,-0.3
19.06.2023,25.7828,25.7848,25.9932,25.6173,-0.18
16.06.2023,25.8282,25.8971,26.0718,25.6378,-0.17
15.06.2023,25.8725,25.5231,25.9873,25.3491,1.44
14.06.2023,25.5052,25.5059,25.6981,25.2594,0.05
13.06.2023,25.4915,25.4095,25.711,25.2334,0.33
12.06.2023,25.4089,25.1521,25.6244,25.1342,1.18
09.06.2023,25.1128,24.9358,25.4646,24.8515,0.74
08.06.2023,24.9277,24.8729,25.299,24.7348,0.25
07.06.2023,24.866,23.0704,25.0555,23.0644,7.8
06.06.2023,23.0667,22.7799,23.1703,22.7172,1.29
05.06.2023,22.7726,22.4534,22.8795,22.3095,1.49
02.06.2023,22.4386,22.3962,22.6422,22.2178,0.26
01.06.2023,22.3795,22.2346,22.4854,22.0082,0.68
31.05.2023,22.2282,21.9826,22.3467,21.8165,1.17
30.05.2023,21.9711,21.5256,22.0559,21.4251,2.15
29.05.2023,21.5084,21.4475,21.6614,21.3136,0.63
26.05.2023,21.3739,21.377,21.6735,21.2342,0.04
25.05.2023,21.365,21.3885,21.5166,21.2297,-0.06
24.05.2023,21.3774,21.3908,21.5843,21.2377,0.02
23.05.2023,21.3739,21.4491,21.9554,21.2455,-0.3
22.05.2023,21.4391,21.4174,21.8001,21.2626,0.29
19.05.2023,21.3769,21.3209,21.5557,21.1717,0.33
18.05.2023,21.3058,21.4151,21.5489,21.1881,-0.43
17.05.2023,21.3986,21.4264,21.5693,21.2245,-0.1
16.05.2023,21.421,21.3892,21.5945,21.2808,0.26
15.05.2023,21.3657,21.2542,21.528,21.1647,0.69
12.05.2023,21.2187,21.3482,21.5387,21.0796,-0.57
11.05.2023,21.3394,21.4615,21.5945,21.1941,-0.53
10.05.2023,21.4525,21.399,21.6123,21.2185,0.37
09.05.2023,21.3738,21.4695,21.5809,21.2417,-0.39
08.05.2023,21.4571,21.487,21.6869,21.3596,-0.22
05.05.2023,21.5038,21.4689,21.6556,21.2836,0.19
04.05.2023,21.4633,21.5364,21.7118,21.3065,-0.26
03.05.2023,21.5187,21.4163,21.6765,21.3231,0.6
02.05.2023,21.3907,21.3503,21.5224,21.2056,0.32
01.05.2023,21.3224,21.4296,21.5443,21.2859,-0.51
28.04.2023,21.4309,21.4364,21.5895,21.2155,0.01
27.04.2023,21.4295,21.447,21.5977,21.2543,0.07
26.04.2023,21.4145,21.3164,21.6506,21.198,0.48
25.04.2023,21.3126,21.4435,21.5647,21.1826,-0.56
24.04.2023,21.4316,21.3234,21.5283,21.1819,0.68
21.04.2023,21.2863,21.2854,21.4087,21.1338,0.04
20.04.2023,21.2769,21.2514,21.4062,21.1268,0.2
19.04.2023,21.2354,21.2722,21.3967,21.0749,-0.15
18.04.2023,21.2681,21.1914,21.4116,21.0629,0.41
17.04.2023,21.1813,21.3037,21.4472,21.0399,-0.51
14.04.2023,21.2896,21.3491,21.5493,21.1638,-0.16
13.04.2023,21.3243,21.2267,21.4929,21.114,0.53
12.04.2023,21.2121,21.0422,21.3438,20.9542,0.83
11.04.2023,21.0367,20.9354,21.174,20.8512,0.53
10.04.2023,20.9261,20.9789,21.1313,20.7801,-0.13
07.04.2023,20.9531,21.0293,21.1369,20.8519,-0.31
06.04.2023,21.0191,20.986,21.3476,20.8601,0.21
05.04.2023,20.9751,21.0357,21.2111,20.8816,-0.29
04.04.2023,21.0366,20.916,21.1947,20.8003,0.7
03.04.2023,20.8911,20.8045,21.0471,20.6056,0.6
31.03.2023,20.7656,20.9094,21.0252,20.6721,-0.62
30.03.2023,20.8946,20.7558,21.0422,20.6385,0.82
29.03.2023,20.7238,20.7317,20.8873,20.5906,-0.01
28.03.2023,20.7257,20.6145,20.8477,20.5289,0.56
27.03.2023,20.6093,20.5093,20.7098,20.409,0.58
24.03.2023,20.4913,20.6106,20.8626,20.3302,-0.44
23.03.2023,20.582,20.6726,20.9062,20.4965,-0.4
22.03.2023,20.6648,20.4902,20.7778,20.3809,0.93
21.03.2023,20.4754,20.3806,20.618,20.1805,0.55
20.03.2023,20.3643,20.281,20.5016,20.1245,0.44
17.03.2023,20.2755,20.1562,20.3876,20.0616,0.75
16.03.2023,20.1242,20.0855,20.3353,19.7486,0.29
15.03.2023,20.0656,20.3677,20.767,19.8727,-1.46
14.03.2023,20.3636,20.3549,20.4862,20.1057,0.07
13.03.2023,20.3491,20.1755,20.5088,19.9236,0.87
10.03.2023,20.1739,20.0527,20.3528,19.9294,0.65
09.03.2023,20.0436,19.9689,20.1612,19.882,0.44
08.03.2023,19.9553,19.9622,20.1082,19.8247,0.16
07.03.2023,19.9235,20.1857,20.3158,19.8734,-1.26
06.03.2023,20.1786,20.0179,20.293,19.9262,0.85
03.03.2023,20.0089,19.9942,20.1782,19.7981,0.1
02.03.2023,19.9882,20.1472,20.219,19.9407,-0.75
01.03.2023,20.1388,19.9727,20.2055,19.8748,0.88
28.02.2023,19.9634,20.0261,20.1642,19.8829,-0.31
27.02.2023,20.0253,19.8965,20.0707,19.7795,0.65
24.02.2023,19.896,20.0034,20.1108,19.8139,-0.5
23.02.2023,19.995,20.0042,20.147,19.9149,0.08
22.02.2023,19.9794,20.0905,20.2067,19.9604,-0.5
21.02.2023,20.0792,20.1696,20.2523,20.0011,-0.4
20.02.2023,20.1598,20.1688,20.2708,20.0406,0.14
17.02.2023,20.1311,20.1186,20.2113,19.9419,0.17
16.02.2023,20.0964,20.152,20.2868,20.0329,-0.18
15.02.2023,20.1327,20.23,20.4168,20.0404,-0.41
14.02.2023,20.2156,20.1992,20.3893,20.0982,0.14
13.02.2023,20.1864,20.1024,20.2529,19.9818,0.51
10.02.2023,20.0848,20.2186,20.3132,20.0004,-0.59
09.02.2023,20.205,20.1673,20.3638,20.0938,0.23
08.02.2023,20.1578,20.1879,20.3295,20.0891,-0.11
07.02.2023,20.1806,20.1927,20.3337,20.0201,-0.03
06.02.2023,20.1871,20.3169,20.4191,20.1376,-0.61
03.02.2023,20.3109,20.5218,20.6355,20.2092,-0.93
02.02.2023,20.5021,20.6668,20.8322,20.4743,-0.74
01.02.2023,20.6554,20.4368,20.6956,20.3313,1.12
31.01.2023,20.4275,20.3873,20.5196,20.2477,0.28
30.01.2023,20.3706,20.4457,20.5751,20.2854,-0.31
27.01.2023,20.4347,20.4812,20.5637,20.3155,-0.16
26.01.2023,20.4667,20.521,20.6426,20.3699,-0.13
25.01.2023,20.4932,20.4938,20.6182,20.3568,0.08
24.01.2023,20.4775,20.4467,20.5716,20.2292,0.17
23.01.2023,20.4431,20.3689,20.624,20.3119,0.43
20.01.2023,20.3559,20.3228,20.4942,20.2325,0.23
19.01.2023,20.3091,20.243,20.4231,20.1692,0.32
18.01.2023,20.2445,20.2316,20.4638,20.1269,0.31
17.01.2023,20.1825,20.3428,20.4729,20.1761,-0.72
16.01.2023,20.3293,20.3626,20.5016,20.2391,-0.03
13.01.2023,20.3356,20.3771,20.4907,20.2113,-0.17
12.01.2023,20.3709,20.1991,20.4147,20.0832,0.88
11.01.2023,20.1929,20.1602,20.302,20.0567,0.2
10.01.2023,20.1518,20.137,20.2698,19.9592,0.1
09.01.2023,20.1313,19.9443,20.2477,19.8706,0.86
06.01.2023,19.9601,19.745,20.0268,19.5872,1.13
05.01.2023,19.7372,19.8704,20.0261,19.7108,-0.62
04.01.2023,19.8611,19.7531,19.9562,19.678,0.6
03.01.2023,19.7427,19.9564,20.0769,19.7087,-1.04
02.01.2023,19.9507,20.0149,20.1206,19.8666,-0.25
30.12.2022,20.0002,19.9501,20.0696,19.8132,0.35
29.12.2022,19.9298,19.8636,20.0313,19.7582,0.39
28.12.2022,19.8519,19.9028,20.0369,19.7383,-0.03
27.12.2022,19.8578,19.8791,20.0578,19.7607,0.06
26.12.2022,19.8468,19.8118,19.9733,19.6908,0.19
23.12.2022,19.8097,19.7759,19.9337,19.6789,0.31
22.12.2022,19.7479,19.8106,19.9817,19.6539,-0.27
21.12.2022,19.801,19.8237,19.9475,19.681,-0.02
20.12.2022,19.8059,19.7829,19.9482,19.6459,0.18
19.12.2022,19.7705,19.7264,19.9324,19.6369,0.26
16.12.2022,19.7188,19.8102,19.9686,19.6502,-0.43
15.12.2022,19.8035,19.9005,20.0303,19.6521,-0.45
14.12.2022,19.8933,19.7509,19.9986,19.6552,0.73
13.12.2022,19.7489,19.6399,19.9473,19.4844,0.61
12.12.2022,19.6293,19.64,19.775,19.4856,-0.05
09.12.2022,19.6388,19.6849,19.8279,19.5541,-0.15
08.12.2022,19.6684,19.5874,19.7314,19.4682,0.47
07.12.2022,19.5766,19.5079,19.6653,19.3666,0.41
06.12.2022,19.4975,19.555,19.6753,19.4078,-0.2
05.12.2022,19.5371,19.6407,19.8267,19.511,-0.49
02.12.2022,19.6326,19.6143,19.729,19.427,0.15
01.12.2022,19.6039,19.3697,19.6367,19.3107,1.35
30.11.2022,19.3424,19.2519,19.4489,19.1152,0.5
29.11.2022,19.2468,19.264,19.4548,19.1704,0.01
28.11.2022,19.244,19.3312,19.5599,19.1707,-0.39
25.11.2022,19.3192,19.3715,19.5057,19.2449,-0.2
24.11.2022,19.3574,19.3554,19.5271,19.2873,0.08
23.11.2022,19.3411,19.1802,19.3953,19.0942,0.89
22.11.2022,19.1701,19.0738,19.2282,18.9729,0.58
21.11.2022,19.0603,19.2266,19.2801,18.9764,-0.68
18.11.2022,19.1912,19.2607,19.4238,19.1451,-0.19
17.11.2022,19.2281,19.3438,19.4434,19.1538,-0.48
16.11.2022,19.3208,19.2607,19.4627,19.1618,0.38
15.11.2022,19.2475,19.223,19.5045,19.0785,0.31
14.11.2022,19.1886,19.2202,19.325,19.0068,-0.19
11.11.2022,19.2254,18.8754,19.2527,18.7513,1.91
10.11.2022,18.8642,18.615,18.9065,18.4338,1.47
09.11.2022,18.5909,18.6733,18.8245,18.4678,-0.38
08.11.2022,18.6618,18.4848,18.7769,18.3976,0.99
07.11.2022,18.4781,18.4977,18.6536,18.3479,-0.07
04.11.2022,18.4914,18.1576,18.5319,18.0703,1.88
03.11.2022,18.1509,18.2917,18.3883,18.1044,-0.71
02.11.2022,18.2811,18.3501,18.5711,18.2388,-0.28
01.11.2022,18.3333,18.4009,18.5868,18.2739,-0.22
31.10.2022,18.3745,18.5289,18.6122,18.3529,-0.74
28.10.2022,18.5117,18.5336,18.6735,18.4031,-0.08
27.10.2022,18.5267,18.7511,18.8496,18.4772,-1.11
26.10.2022,18.7343,18.5395,18.7757,18.4102,1.14
25.10.2022,18.5226,18.3722,18.5566,18.254,0.84
24.10.2022,18.3692,18.3393,18.448,18.1742,0.22
21.10.2022,18.3282,18.1975,18.3669,18.0133,0.8
20.10.2022,18.1835,18.1687,18.3351,18.0599,0.11
19.10.2022,18.163,18.3158,18.402,18.1069,-0.8
18.10.2022,18.31,18.2836,18.4298,18.178,0.27
17.10.2022,18.2603,18.0578,18.3105,17.9929,1.24
14.10.2022,18.037,18.1388,18.2885,18.0096,-0.38
13.10.2022,18.1051,18.0238,18.1957,17.8754,0.54
12.10.2022,18.0079,18.0435,18.1662,17.9268,-0.15
11.10.2022,18.0355,18.0259,18.169,17.8908,0.1
10.10.2022,18.0183,18.1047,18.1899,17.9315,-0.35
07.10.2022,18.0812,18.1854,18.3076,18.0317,-0.56
06.10.2022,18.1836,18.3521,18.517,18.1777,-0.87
05.10.2022,18.3424,18.5501,18.6536,18.2226,-1.04
04.10.2022,18.5352,18.2239,18.5856,18.0863,1.75
03.10.2022,18.2164,18.1216,18.3198,18.0327,0.49
30.09.2022,18.1282,18.1593,18.3146,17.9788,-0.14
29.09.2022,18.1539,18.0166,18.1763,17.8122,0.79
28.09.2022,18.0118,17.6898,18.077,17.5405,1.87
27.09.2022,17.6811,17.7379,17.9431,17.6366,-0.18
26.09.2022,17.7138,17.8372,17.9304,17.6173,-0.72
23.09.2022,17.8423,18.045,18.1472,17.7959,-0.95
22.09.2022,18.0134,18.0309,18.1966,17.9119,-0.04
21.09.2022,18.0206,18.2561,18.3318,17.9193,-1.23
20.09.2022,18.2448,18.3292,18.4569,18.1821,-0.4
19.09.2022,18.3187,18.2875,18.3721,18.1388,0.2
16.09.2022,18.2816,18.2679,18.3792,18.1108,0.1
15.09.2022,18.2634,18.2074,18.3261,18.0932,0.35
14.09.2022,18.2003,18.1987,18.3484,18.0954,0.09
13.09.2022,18.1846,18.4431,18.6262,18.1843,-1.34
12.09.2022,18.4313,18.3823,18.632,18.2759,0.69
09.09.2022,18.3045,18.2282,18.493,18.2018,0.47
08.09.2022,18.219,18.2293,18.3645,18.0765,0.01
07.09.2022,18.2174,18.0496,18.2491,17.9317,1.0
06.09.2022,18.0379,18.0879,18.2763,17.9679,-0.22
05.09.2022,18.0779,18.1116,18.1743,17.9228,-0.06
02.09.2022,18.0886,18.1055,18.329,18.0427,-0.05
01.09.2022,18.0974,18.2979,18.3541,17.9645,-1.06
31.08.2022,18.2905,18.2089,18.372,18.0893,0.57
30.08.2022,18.1868,18.1749,18.2793,18.1415,0.1
29.08.2022,18.1681,18.1329,18.241,17.9465,0.53
26.08.2022,18.0725,18.1238,18.3743,17.9969,-0.24
25.08.2022,18.1163,18.0915,18.2988,18.0152,0.23
24.08.2022,18.0751,18.0579,18.175,17.9099,0.21
23.08.2022,18.0376,17.971,18.1583,17.8413,0.54
22.08.2022,17.9415,18.1458,18.2824,17.9288,-1.13
19.08.2022,18.1465,18.1945,18.35,18.0958,-0.11
18.08.2022,18.166,18.2738,18.467,18.0931,-0.5
17.08.2022,18.2577,18.2404,18.3825,18.1423,0.24
16.08.2022,18.214,18.2497,18.3706,18.1187,-0.13
15.08.2022,18.2372,18.3986,18.51,18.2088,-0.86
12.08.2022,18.3951,18.5121,18.635,18.2621,-0.58
11.08.2022,18.5021,18.4085,18.6381,18.2913,0.55
10.08.2022,18.4016,18.2831,18.5632,18.1726,0.73
09.08.2022,18.2682,18.2907,18.4798,18.0589,0.05
08.08.2022,18.2599,18.2394,18.4156,18.1405,0.14
05.08.2022,18.2343,18.3692,18.4822,18.1812,-0.67
04.08.2022,18.358,18.2365,18.4729,18.1203,0.71
03.08.2022,18.2287,18.2435,18.3869,18.1178,0.03
02.08.2022,18.2229,18.3696,18.5249,18.2216,-0.78
01.08.2022,18.3659,18.3024,18.5175,18.2087,0.35
29.07.2022,18.3019,18.2679,18.4752,18.0811,0.27
28.07.2022,18.2523,18.2417,18.4095,18.0954,0.14
27.07.2022,18.226,18.07,18.3005,17.9813,0.9
26.07.2022,18.0628,18.1953,18.3528,17.8358,-0.53
25.07.2022,18.1588,18.1154,18.3188,17.9993,0.38
22.07.2022,18.0894,18.1219,18.2157,17.875,-0.13
21.07.2022,18.1122,17.9193,18.1852,17.8333,1.1
20.07.2022,17.915,17.956,18.1141,17.7491,-0.19
19.07.2022,17.9493,17.7104,18.0893,17.611,1.53
18.07.2022,17.6784,17.5479,17.8134,17.4237,0.75
15.07.2022,17.5463,17.4771,17.6142,17.393,0.44
14.07.2022,17.4686,17.5355,17.6248,17.3495,-0.19
13.07.2022,17.5018,17.3822,17.6577,17.2654,0.79
12.07.2022,17.364,17.4438,17.4981,17.2721,-0.34
11.07.2022,17.4232,17.5933,17.6166,17.4251,-0.92
08.07.2022,17.5843,17.5468,17.7026,17.3913,0.23
07.07.2022,17.5439,17.5387,17.7304,17.4616,0.15
06.07.2022,17.5179,17.4521,17.7269,17.3074,0.61
05.07.2022,17.412,17.5275,17.6812,17.3247,-0.52
04.07.2022,17.5038,17.4825,17.6362,17.3634,0.15
01.07.2022,17.4783,17.5033,17.6059,17.3242,-0.11
30.06.2022,17.4979,17.3727,17.6329,17.1586,0.75
29.06.2022,17.3672,17.5406,17.677,17.2484,-0.97
28.06.2022,17.5369,17.5272,17.7062,17.366,0.29
27.06.2022,17.4862,17.8025,17.8424,16.9063,-1.88
24.06.2022,17.8215,18.2693,18.4226,17.3859,-2.41
23.06.2022,18.2625,18.3253,18.4468,18.1695,-0.19
22.06.2022,18.2968,18.2551,18.4221,18.0953,0.26
21.06.2022,18.249,18.2202,18.3953,18.0918,0.25
20.06.2022,18.2036,18.1823,18.3661,18.072,0.08
17.06.2022,18.1883,18.2544,18.3335,17.9662,-0.32
16.06.2022,18.2476,18.0077,18.3376,17.8774,1.46
15.06.2022,17.9859,17.9916,18.219,17.8641,0.0
14.06.2022,17.9861,17.9716,18.1392,17.8591,0.21
13.06.2022,17.9477,18.0354,18.2094,17.7589,-0.02
10.06.2022,17.951,18.2571,18.4342,17.8216,-1.62
09.06.2022,18.2466,18.379,18.5828,17.8572,-0.57
08.06.2022,18.3505,17.9357,18.4942,17.8727,2.47
07.06.2022,17.9083,17.7331,17.96,17.6265,1.08
06.06.2022,17.7161,17.6305,17.8854,17.5181,0.7
03.06.2022,17.5927,17.6957,17.8363,17.5279,-0.49
02.06.2022,17.6794,17.4573,17.7994,17.3818,1.36
01.06.2022,17.4421,17.6075,17.7125,17.4006,-0.76
31.05.2022,17.5751,17.6604,17.7237,17.4557,-0.44
30.05.2022,17.6523,17.4002,17.7335,17.3687,1.7
27.05.2022,17.357,17.5473,17.7069,17.3302,-0.96
26.05.2022,17.5248,17.476,17.6689,17.33,0.43
25.05.2022,17.4493,17.2827,17.5245,17.1511,1.02
24.05.2022,17.2725,17.0321,17.3611,16.9386,1.46
23.05.2022,17.0239,16.8134,17.0791,16.6866,1.49
20.05.2022,16.7741,16.8151,16.9973,16.7143,0.05
19.05.2022,16.7659,16.6933,16.8577,16.6648,0.58
18.05.2022,16.6694,16.7712,16.8779,16.566,-0.57
17.05.2022,16.7646,16.2225,16.802,16.18,3.43
16.05.2022,16.2091,16.1068,16.3326,16.0139,0.6
13.05.2022,16.113,15.9632,16.1815,15.8607,1.05
12.05.2022,15.9448,16.0972,16.2201,15.917,-0.83
11.05.2022,16.0787,16.0655,16.3023,15.9667,0.16
10.05.2022,16.0523,15.9291,16.1776,15.8776,0.82
09.05.2022,15.9214,15.764,15.9941,15.6338,0.96
06.05.2022,15.7704,15.6692,15.8426,15.5268,0.76
05.05.2022,15.6515,15.6551,15.8013,15.5711,0.06
04.05.2022,15.6428,15.5785,15.7071,15.5307,0.49
03.05.2022,15.5658,15.6347,15.7272,15.5734,-0.29
02.05.2022,15.6113,15.6508,15.7355,15.6152,-0.21
29.04.2022,15.6445,15.5246,15.7264,15.4512,0.77
28.04.2022,15.5253,15.632,15.685,15.4415,-0.59
27.04.2022,15.6168,15.7432,15.8232,15.5933,-0.76
26.04.2022,15.7366,15.8299,15.9314,15.7029,-0.53
25.04.2022,15.8204,15.9833,16.0073,15.7296,-0.52
22.04.2022,15.9038,15.9404,16.0376,15.8521,-0.17
21.04.2022,15.9301,15.9271,16.0963,15.8236,0.07
20.04.2022,15.9194,15.8097,15.9699,15.7386,0.81
19.04.2022,15.7916,15.7866,15.9,15.6962,0.1
18.04.2022,15.7762,15.8151,15.9017,15.6897,-0.19
15.04.2022,15.807,15.8228,15.8989,15.7038,0.02
14.04.2022,15.8044,15.8904,16.0177,15.7315,-0.49
13.04.2022,15.8821,15.8083,15.9979,15.675,0.5
12.04.2022,15.8037,15.959,16.0386,15.7857,-0.95
11.04.2022,15.9559,16.1287,16.1604,15.93,-0.5
08.04.2022,16.0357,16.0333,16.1084,15.9255,0.06
07.04.2022,16.0262,16.0261,16.1798,15.9812,0.06
06.04.2022,16.0173,16.052,16.1432,15.9505,-0.17
05.04.2022,16.0451,16.1164,16.222,16.0203,-0.35
04.04.2022,16.102,16.2355,16.3131,16.0987,-0.78
01.04.2022,16.2286,16.2367,16.3351,16.1054,-0.02
31.03.2022,16.2324,16.3522,16.4473,16.2217,-0.65
30.03.2022,16.3392,16.1698,16.4144,16.1266,1.11
29.03.2022,16.1595,16.2705,16.5478,16.1388,-0.64
28.03.2022,16.2635,16.2935,16.366,16.1688,-0.13
25.03.2022,16.2842,16.3018,16.4408,16.2277,0.0
24.03.2022,16.2841,16.327,16.4045,16.197,-0.2
23.03.2022,16.3161,16.3505,16.4368,16.2349,-0.13
22.03.2022,16.3377,16.3311,16.402,16.1786,0.12
21.03.2022,16.318,16.3773,16.4807,16.2698,-0.13
18.03.2022,16.3398,16.3057,16.482,16.1325,0.24
17.03.2022,16.3006,16.1516,16.4057,15.9865,1.15
16.03.2022,16.1152,16.1077,16.2974,15.9946,0.11
15.03.2022,16.0982,16.1698,16.3961,15.9311,-0.4
14.03.2022,16.1628,16.1568,16.3486,16.0639,0.42
11.03.2022,16.0952,16.3025,16.555,16.0421,-1.07
10.03.2022,16.2692,16.2276,16.5572,16.097,0.36
09.03.2022,16.2114,15.8025,16.2801,15.7602,2.75
08.03.2022,15.7776,15.6051,15.8989,15.5455,1.19
07.03.2022,15.5915,15.4634,15.7137,15.3561,0.6
04.03.2022,15.498,15.6258,15.911,15.3769,-0.62
03.03.2022,15.5947,15.5863,15.7667,15.4479,0.1
02.03.2022,15.5787,15.4876,15.8038,15.3743,0.62
01.03.2022,15.4826,15.5181,15.7004,15.325,-0.32
28.02.2022,15.5319,15.4537,15.8085,15.2846,-0.25
25.02.2022,15.5705,15.7076,15.8832,15.4032,-0.64
24.02.2022,15.6712,15.6385,16.4683,15.4488,0.36
23.02.2022,15.6156,15.6182,15.7439,15.4612,0.04
22.02.2022,15.609,15.4952,15.7945,15.3821,0.88
21.02.2022,15.4731,15.4507,15.5684,15.3815,0.18
18.02.2022,15.4448,15.4249,15.5526,15.3455,0.16
17.02.2022,15.4196,15.4689,15.5517,15.3672,-0.29
16.02.2022,15.4642,15.4577,15.5736,15.3691,0.17
15.02.2022,15.4372,15.3763,15.5716,15.2936,0.52
14.02.2022,15.3576,15.3479,15.4993,15.1964,0.11
11.02.2022,15.3412,15.4248,15.4979,15.2409,-0.32
10.02.2022,15.3902,15.4754,15.6426,15.3539,-0.37
09.02.2022,15.4477,15.4852,15.6519,15.3743,-0.17
08.02.2022,15.4734,15.5583,15.6887,15.377,-0.36
07.02.2022,15.5289,15.5338,15.6663,15.3659,0.06
04.02.2022,15.5203,15.5119,15.6115,15.438,0.1
03.02.2022,15.5041,15.2179,15.6002,15.1119,1.97
02.02.2022,15.204,15.0732,15.4602,14.9264,0.91
01.02.2022,15.0662,14.9647,15.3198,14.827,0.79
31.01.2022,14.9482,15.1071,15.2874,14.7755,-1.0
28.01.2022,15.0995,15.213,15.342,14.9937,-0.71
27.01.2022,15.2069,15.2617,15.4765,15.0436,-0.17
26.01.2022,15.233,15.2359,15.4831,15.0833,0.04
25.01.2022,15.2275,15.2475,15.4426,15.0017,0.02
24.01.2022,15.2243,15.2612,15.4689,14.9866,-0.05
21.01.2022,15.2315,15.1073,15.4389,14.9325,0.86
20.01.2022,15.1022,15.2094,15.3705,15.0555,-0.43
19.01.2022,15.1681,15.3244,15.6106,15.1125,-1.01
18.01.2022,15.3231,15.3376,15.6295,15.1452,0.07
17.01.2022,15.3117,15.4416,15.7615,15.0905,-0.79
14.01.2022,15.4333,15.5756,15.6826,15.3494,-0.63
13.01.2022,15.5305,15.1259,15.819,15.0518,2.98
12.01.2022,15.0818,15.6851,15.8657,15.0403,-3.81
11.01.2022,15.6797,15.643,15.8428,15.3526,0.3
10.01.2022,15.6331,15.7514,15.8975,15.324,-0.78
07.01.2022,15.7561,15.653,15.8704,15.3324,0.97
06.01.2022,15.6054,15.4698,15.767,15.0757,1.06
05.01.2022,15.441,15.1341,15.5848,14.8706,2.62
04.01.2022,15.0461,14.8554,15.4561,14.5403,1.46
03.01.2022,14.8298,15.1401,15.9354,14.3707,-2.03
31.12.2021,15.1377,14.89,15.5439,14.5925,1.65
30.12.2021,14.8927,14.3441,15.3146,14.0142,3.86
29.12.2021,14.3392,13.3525,14.4887,13.3074,7.47
28.12.2021,13.3421,13.2324,13.6247,13.0281,0.86
27.12.2021,13.2289,12.1694,13.4317,12.0701,9.78
24.12.2021,12.0503,12.9208,13.9466,11.726,-6.73
23.12.2021,12.9197,13.619,14.0236,11.5042,-4.79
22.12.2021,13.569,14.0255,14.4692,13.5071,-3.27
21.12.2021,14.0283,15.2318,16.0333,13.095,-7.87
20.12.2021,15.2269,18.5306,20.7423,15.2288,-17.45
17.12.2021,18.4455,17.7549,19.4449,17.697,3.93
16.12.2021,17.748,16.6948,17.8776,16.6778,6.35
15.12.2021,16.6877,16.2024,16.7663,16.1724,3.05
14.12.2021,16.1939,15.5878,16.3404,15.5555,4.04
13.12.2021,15.5652,15.6939,16.5136,15.3022,-0.83
10.12.2021,15.6951,15.5677,15.78,15.4579,0.85
09.12.2021,15.5623,15.5126,15.6803,15.424,0.36
08.12.2021,15.5068,15.2044,15.6543,15.1714,2.01
07.12.2021,15.2008,15.5754,15.644,15.0847,-2.3
06.12.2021,15.5582,15.5128,15.7268,15.3767,0.38
03.12.2021,15.4988,15.466,15.8024,15.0527,0.75
02.12.2021,15.383,15.0171,15.679,14.9567,2.46
01.12.2021,15.013,15.283,15.7169,14.0392,-1.7
30.11.2021,15.2732,14.4757,15.5969,14.3518,5.68
29.11.2021,14.4527,14.0372,14.5779,13.9056,2.8
26.11.2021,14.0585,13.4389,14.3474,13.3431,5.51
25.11.2021,13.3239,13.538,13.7534,13.2221,-1.53
24.11.2021,13.5309,14.4217,14.8385,12.9392,-6.14
23.11.2021,14.4165,12.7895,15.2085,12.7327,12.78
22.11.2021,12.7832,12.6877,12.9433,12.3312,0.83
19.11.2021,12.6776,12.5838,12.8348,12.2725,1.43
18.11.2021,12.4985,12.0306,12.8307,11.8232,4.07
17.11.2021,12.0098,11.7093,12.0942,11.6573,2.62
16.11.2021,11.7033,11.4379,11.8251,11.4146,2.44
15.11.2021,11.4244,11.4274,11.5367,11.3853,0.03
12.11.2021,11.4215,11.3424,11.4809,11.2888,0.86
11.11.2021,11.3239,11.3043,11.4487,11.2826,0.28
10.11.2021,11.2919,11.2836,11.4205,11.2508,0.17
09.11.2021,11.2725,11.2238,11.3027,11.1834,0.51
08.11.2021,11.2152,11.2153,11.2941,11.1531,0.23
05.11.2021,11.1891,11.2113,11.2723,11.1337,-0.02
04.11.2021,11.191,11.1991,11.292,11.1574,0.1
03.11.2021,11.1793,11.1198,11.3289,11.0921,0.65
02.11.2021,11.1074,11.0731,11.1453,10.9663,0.41
01.11.2021,11.0615,11.1086,11.1212,10.9725,-0.36
29.10.2021,11.102,11.1461,11.2217,11.0674,-0.21
28.10.2021,11.1256,11.0211,11.1858,10.9833,1.15
27.10.2021,10.9993,11.0674,11.0881,10.9649,-0.48
26.10.2021,11.0522,11.1292,11.177,10.917,-0.61
25.10.2021,11.1198,11.1888,11.4775,11.062,-0.3
22.10.2021,11.1528,11.0644,11.2515,11.0152,0.97
21.10.2021,11.0458,10.7407,11.1032,10.7151,2.96
20.10.2021,10.7285,10.821,10.8877,10.7009,-0.74
19.10.2021,10.8082,10.8381,10.925,10.7664,-0.16
18.10.2021,10.8252,10.7485,10.8762,10.6965,0.89
15.10.2021,10.7301,10.656,10.7688,10.6287,0.87
14.10.2021,10.6375,10.538,10.6747,10.4991,1.06
13.10.2021,10.5262,10.4255,10.5555,10.3991,1.08
12.10.2021,10.4135,10.3991,10.459,10.3746,0.29
11.10.2021,10.3832,10.3915,10.4313,10.3173,0.17
08.10.2021,10.3657,10.255,10.4019,10.2254,1.18
07.10.2021,10.2445,10.2606,10.3001,10.222,-0.05
06.10.2021,10.2496,10.2963,10.3535,10.2282,-0.34
05.10.2021,10.2843,10.2946,10.3236,10.2484,-0.02
04.10.2021,10.2861,10.2758,10.3189,10.2558,0.18
01.10.2021,10.2673,10.2978,10.3128,10.2198,-0.23
30.09.2021,10.2911,10.349,10.3821,10.2563,-0.4
29.09.2021,10.3324,10.3707,10.3955,10.2858,-0.23
28.09.2021,10.356,10.3187,10.4015,10.2993,0.48
27.09.2021,10.3069,10.4076,10.4368,10.3034,-0.9
24.09.2021,10.4004,10.2919,10.4333,10.2683,1.14
23.09.2021,10.2833,10.1145,10.3201,10.0995,1.75
22.09.2021,10.1069,10.1158,10.1748,10.0716,0.02
21.09.2021,10.1052,10.1693,10.1908,10.0643,-0.51
20.09.2021,10.1575,10.1393,10.2297,10.1094,0.4
17.09.2021,10.1167,10.0345,10.1687,9.995,0.89
16.09.2021,10.0278,9.9682,10.0625,9.9166,0.74
15.09.2021,9.9546,9.9672,10.0064,9.939,0.08
14.09.2021,9.9463,9.9531,10.0128,9.9256,0.05
13.09.2021,9.9417,10.0066,10.0196,9.9235,-0.47
10.09.2021,9.9882,9.977,10.0205,9.9173,0.19
09.09.2021,9.9691,10.013,10.0813,9.9596,-0.24
08.09.2021,9.9934,9.8904,10.0351,9.8644,1.16
07.09.2021,9.8785,9.8308,9.9046,9.8005,0.56
06.09.2021,9.8233,9.891,9.9002,9.7999,-0.45
03.09.2021,9.8679,9.8303,9.9208,9.8092,0.46
02.09.2021,9.8224,9.8233,9.8452,9.7802,0.08
01.09.2021,9.8149,9.8209,9.858,9.7701,0.1
31.08.2021,9.8051,9.8867,9.9243,9.788,-0.74
30.08.2021,9.8782,9.8515,9.9083,9.8222,0.39
27.08.2021,9.8394,9.8629,9.9047,9.8125,-0.15
26.08.2021,9.8541,9.8636,9.8947,9.8049,0.04
25.08.2021,9.8501,9.8855,9.9084,9.8052,-0.18
24.08.2021,9.8677,9.8991,9.9295,9.843,-0.19
23.08.2021,9.8861,9.933,9.9688,9.8808,-0.38
20.08.2021,9.9243,9.9288,10.023,9.6566,0.09
19.08.2021,9.9158,9.901,10.0126,9.8177,0.23
18.08.2021,9.8932,9.877,9.9752,9.8406,0.25
17.08.2021,9.8688,9.964,9.9958,9.8331,-0.87
16.08.2021,9.9551,10.056,10.07,9.9239,-0.87
13.08.2021,10.0425,10.0372,10.1031,9.9681,0.15
12.08.2021,10.0279,10.1321,10.1473,9.981,-0.93
11.08.2021,10.1219,10.0847,10.1842,9.9373,0.63
10.08.2021,10.059,10.1581,10.1868,10.0312,-0.85
09.08.2021,10.1453,10.1513,10.2067,10.0987,0.13
06.08.2021,10.1324,10.0908,10.1937,10.0616,0.46
05.08.2021,10.0856,10.0359,10.1531,10.0178,0.58
04.08.2021,10.0273,9.9741,10.0601,9.9401,0.63
03.08.2021,9.965,9.9141,10.0386,9.8406,0.63
02.08.2021,9.9024,10.0299,10.0731,9.8917,-1.09
30.07.2021,10.0115,10.0486,10.0917,9.9569,-0.35
29.07.2021,10.0463,10.1327,10.17,10.0176,-0.76
28.07.2021,10.1229,10.1217,10.1524,10.07,0.25
27.07.2021,10.0981,10.1004,10.1604,10.0702,0.1
26.07.2021,10.0877,10.0765,10.1719,10.0475,0.27
23.07.2021,10.0603,10.0766,10.0976,10.0091,-0.07
22.07.2021,10.0676,10.0697,10.1386,10.0288,-0.23
21.07.2021,10.0912,10.0996,10.1454,10.0459,0.05
20.07.2021,10.0862,10.1334,10.1587,10.0078,-0.25
19.07.2021,10.1111,10.0648,10.1587,10.0155,0.59
16.07.2021,10.0518,10.1242,10.144,10.0089,-0.6
15.07.2021,10.1123,10.1701,10.1823,10.086,-0.45
14.07.2021,10.1577,10.1573,10.1992,10.1218,0.13
13.07.2021,10.1447,10.2499,10.2619,10.1272,-0.93
12.07.2021,10.2395,10.282,10.3003,10.2117,-0.25
09.07.2021,10.2655,10.298,10.311,10.2305,-0.24
08.07.2021,10.2899,10.2468,10.3204,10.2228,0.51
07.07.2021,10.2379,10.2773,10.2922,10.2172,-0.29
06.07.2021,10.2678,10.288,10.3125,10.2266,-0.07
05.07.2021,10.2753,10.308,10.3364,10.2576,-0.21
02.07.2021,10.297,10.2662,10.3301,10.2332,0.48
01.07.2021,10.248,10.3277,10.3441,10.2348,-0.68
30.06.2021,10.3182,10.3958,10.419,10.2581,-0.64
29.06.2021,10.3842,10.3547,10.4259,10.3079,0.29
28.06.2021,10.3538,10.4643,10.4734,10.3427,-0.83
25.06.2021,10.4405,10.3914,10.5084,10.3332,0.58
24.06.2021,10.3801,10.3079,10.4152,10.2873,0.84
23.06.2021,10.294,10.3318,10.3642,10.2383,-0.25
22.06.2021,10.3197,10.4509,10.4835,10.2912,-1.17
21.06.2021,10.4415,10.3748,10.4748,10.342,0.9
18.06.2021,10.3487,10.3836,10.404,10.2873,-0.2
17.06.2021,10.3692,10.3251,10.418,10.2575,0.5
16.06.2021,10.3174,10.3775,10.4194,10.2552,-0.44
15.06.2021,10.3631,10.2635,10.4265,10.2302,1.11
14.06.2021,10.2494,10.1564,10.2868,10.0358,1.01
11.06.2021,10.147,10.2556,10.302,10.0681,-0.99
10.06.2021,10.2486,10.4609,10.4698,10.2359,-1.9
09.06.2021,10.4471,10.4749,10.5077,10.4338,-0.17
08.06.2021,10.4645,10.4986,10.5294,10.4257,0.12
07.06.2021,10.4515,10.5473,10.5681,10.439,-0.75
04.06.2021,10.5304,10.5552,10.6057,10.4868,-0.06
03.06.2021,10.5364,10.4916,10.6038,10.4604,0.55
02.06.2021,10.4785,10.427,10.7324,10.4132,0.6
01.06.2021,10.4161,10.38,10.4621,10.3453,0.47
31.05.2021,10.3678,10.4334,10.4762,10.3126,-0.51
28.05.2021,10.4214,10.3646,10.4803,10.2926,0.75
27.05.2021,10.3438,10.3099,10.4221,10.2593,0.42
26.05.2021,10.3007,10.3692,10.3813,10.2904,-0.55
25.05.2021,10.3572,10.2455,10.3979,10.2252,1.22
24.05.2021,10.2319,10.2502,10.2835,10.1926,-0.06
21.05.2021,10.2384,10.2474,10.2815,10.1765,0.05
20.05.2021,10.2332,10.2403,10.2658,10.161,0.05
19.05.2021,10.2285,10.2126,10.308,10.1992,0.3
18.05.2021,10.1978,10.1033,10.2308,10.0864,1.01
17.05.2021,10.0959,10.2672,10.2903,10.0739,-1.48
14.05.2021,10.2477,10.2711,10.3074,10.1685,-0.14
13.05.2021,10.262,10.1772,10.292,10.1533,1.0
12.05.2021,10.1602,10.0686,10.2201,10.0256,0.99
11.05.2021,10.061,10.0421,10.1349,10.0236,0.35
10.05.2021,10.0264,10.017,10.0801,9.9944,0.12
07.05.2021,10.0145,9.9941,10.0733,9.934,0.4
06.05.2021,9.9744,9.9852,10.0636,9.956,-0.05
05.05.2021,9.9792,10.007,10.0653,9.9684,-0.16
04.05.2021,9.9952,9.9546,10.0364,9.9309,0.5
03.05.2021,9.9456,9.9635,10.03,9.9404,0.03
30.04.2021,9.9431,9.9646,10.0458,9.9058,-0.07
29.04.2021,9.9503,9.9433,10.0358,9.8418,0.16
28.04.2021,9.9342,9.9359,9.9726,9.835,0.24
27.04.2021,9.9102,10.0075,10.0388,9.8691,-0.84
26.04.2021,9.9944,10.156,10.2818,9.9874,-1.38
23.04.2021,10.1344,10.0024,10.1926,9.9587,1.56
22.04.2021,9.9783,9.8561,10.0836,9.8356,1.38
21.04.2021,9.8421,9.7696,9.8706,9.7393,0.91
20.04.2021,9.753,9.7444,9.8168,9.7237,0.23
19.04.2021,9.7302,9.6735,9.769,9.6053,0.79
16.04.2021,9.6543,9.5982,9.7193,9.5847,0.79
15.04.2021,9.5783,9.6785,9.7719,9.5725,-0.89
14.04.2021,9.6641,9.7013,9.7406,9.5968,-0.31
13.04.2021,9.6945,9.7164,9.7528,9.6456,-0.02
12.04.2021,9.6964,9.7186,9.785,9.6501,-0.22
09.04.2021,9.7182,9.6988,9.7587,9.6459,0.37
08.04.2021,9.6822,9.6894,9.7381,9.6496,0.32
07.04.2021,9.6515,9.6695,9.779,9.6478,0.01
06.04.2021,9.6503,9.5821,9.692,9.5435,0.89
05.04.2021,9.5647,9.6081,9.7153,9.517,-0.2
02.04.2021,9.5836,9.5654,9.6385,9.3896,0.44
01.04.2021,9.542,9.6764,9.7273,9.5169,-1.31
31.03.2021,9.6684,9.7667,9.8569,9.6482,-0.93
30.03.2021,9.7592,9.6565,9.9352,9.6358,1.3
29.03.2021,9.6343,9.6011,9.6839,9.4313,0.43
26.03.2021,9.5928,9.3533,9.6252,9.3227,2.68
25.03.2021,9.342,9.3731,9.461,9.3034,-0.12
24.03.2021,9.3536,9.4147,9.5325,9.2652,-0.56
23.03.2021,9.4064,9.3093,9.4882,9.13,1.11
22.03.2021,9.3033,8.5899,9.6928,8.5696,8.34
19.03.2021,8.5868,8.7289,8.7854,8.5639,-1.54
18.03.2021,8.7209,8.9887,9.0401,8.6927,-2.94
17.03.2021,8.9855,8.9243,9.0983,8.901,0.8
16.03.2021,8.9139,8.9904,9.0105,8.9048,-0.78
15.03.2021,8.9837,9.04,9.0901,8.9398,-0.56
12.03.2021,9.034,8.9612,9.0888,8.9466,1.03
11.03.2021,8.9415,8.9481,9.0298,8.8701,0.01
10.03.2021,8.9406,9.0638,9.1079,8.9256,-1.28
09.03.2021,9.0563,9.2072,9.2261,9.0255,-1.58
08.03.2021,9.2018,8.9878,9.2285,8.9347,2.48
05.03.2021,8.9792,8.9807,9.0401,8.908,0.07
04.03.2021,8.9732,9.0012,9.0779,8.9106,-0.23
03.03.2021,8.994,8.8896,9.0562,8.8072,1.26
02.03.2021,8.882,8.7848,8.9382,8.7555,1.32
01.03.2021,8.7665,8.9691,8.9789,8.6964,-2.18
26.02.2021,8.962,8.9362,9.0927,8.8651,0.35
25.02.2021,8.9305,8.7204,9.0805,8.7065,2.5
24.02.2021,8.7131,8.6344,8.7996,8.5915,0.98
23.02.2021,8.6282,8.5328,8.6456,8.5201,1.21
22.02.2021,8.5253,8.4379,8.608,8.4288,1.11
19.02.2021,8.4319,8.4247,8.4831,8.4179,0.25
18.02.2021,8.4112,8.3949,8.4622,8.3507,0.27
17.02.2021,8.3882,8.4636,8.5264,8.3758,-0.81
16.02.2021,8.4569,8.4456,8.5017,8.3799,0.21
15.02.2021,8.4391,8.5301,8.5339,8.4199,-0.96
12.02.2021,8.5213,8.5219,8.5491,8.4774,0.04
11.02.2021,8.5181,8.5576,8.5766,8.5072,-0.32
10.02.2021,8.5452,8.5619,8.5971,8.5238,-0.08
09.02.2021,8.5523,8.5198,8.6229,8.5177,0.45
08.02.2021,8.5144,8.4942,8.5706,8.4524,0.31
05.02.2021,8.4882,8.5392,8.5564,8.4528,-0.52
04.02.2021,8.5329,8.6191,8.6328,8.5068,-0.92
03.02.2021,8.612,8.6673,8.6804,8.569,-0.55
02.02.2021,8.6595,8.6757,8.6877,8.5574,-0.1
01.02.2021,8.6684,8.8803,8.8847,8.6334,-2.29
29.01.2021,8.8713,8.8979,8.9435,8.8197,-0.18
28.01.2021,8.8876,8.9576,8.9944,8.8888,-0.71
27.01.2021,8.9515,8.9351,8.9862,8.9052,0.26
26.01.2021,8.9283,8.993,9.0219,8.9032,-0.64
25.01.2021,8.9862,9.022,9.0468,8.9565,-0.34
22.01.2021,9.0165,8.963,9.053,8.9588,0.68
21.01.2021,8.9556,8.985,9.0186,8.92,-0.24
20.01.2021,8.9774,9.0649,9.083,8.9385,-0.88
19.01.2021,9.057,9.0365,9.0777,8.9826,0.31
18.01.2021,9.029,9.0339,9.1166,9.0016,0.03
15.01.2021,9.0263,8.9601,9.1037,8.9235,0.75
14.01.2021,8.9589,9.0044,9.0656,8.9109,-0.33
13.01.2021,8.9882,9.0996,9.1339,8.9829,-1.13
12.01.2021,9.0905,9.0874,9.1417,9.0257,0.12
11.01.2021,9.0793,9.0115,9.1496,8.9643,0.81
08.01.2021,9.0063,8.9836,9.0724,8.9568,0.34
07.01.2021,8.9754,9.0066,9.0772,8.8779,-0.31
06.01.2021,9.003,9.0875,9.1098,8.9295,-0.86
05.01.2021,9.0813,9.0932,9.1293,9.0395,-0.07
04.01.2021,9.0878,9.0989,9.1257,8.9916,0.02
01.01.2021,9.0862,9.0862,9.0862,9.0862,0.1
31.12.2020,9.0767,9.0788,9.2115,9.0331,0.07
30.12.2020,9.0705,9.047,9.0935,8.9521,0.34
29.12.2020,9.0401,9.0975,9.1566,8.9887,-0.59
28.12.2020,9.0936,9.2217,9.2582,9.041,-1.27
25.12.2020,9.2104,9.2374,9.2745,9.1672,-0.21
24.12.2020,9.2298,9.313,9.3709,9.2009,-0.8
23.12.2020,9.3046,9.3193,9.3474,9.2829,-0.08
22.12.2020,9.3117,9.3716,9.3861,9.2863,-0.55
21.12.2020,9.3633,9.3393,9.4263,9.303,0.22
18.12.2020,9.3431,9.4474,9.5092,9.3126,-1.02
17.12.2020,9.4398,9.514,9.5502,9.4229,-0.71
16.12.2020,9.5074,9.5211,9.5565,9.4391,-0.07
15.12.2020,9.5142,9.5366,9.5757,9.4967,-0.17
14.12.2020,9.5302,9.5365,9.6471,9.5081,0.16
11.12.2020,9.5146,9.5742,9.7405,9.471,-0.59
10.12.2020,9.5709,9.4565,9.6062,9.4401,1.37
09.12.2020,9.4412,9.4591,9.523,9.4309,-0.04
08.12.2020,9.4454,9.4468,9.5215,9.432,0.06
07.12.2020,9.4402,9.4608,9.5479,9.4408,-0.12
04.12.2020,9.4513,9.4426,9.5429,9.4271,0.22
03.12.2020,9.4301,9.5137,9.6077,9.4159,-0.83
02.12.2020,9.5089,9.4494,9.536,9.3893,0.68
01.12.2020,9.4445,9.3425,9.4842,9.3221,1.14
30.11.2020,9.3377,9.3689,9.4167,9.278,-0.35
27.11.2020,9.3701,9.3757,9.4143,9.2521,-0.04
26.11.2020,9.3737,9.4495,9.5164,9.3375,-0.77
25.11.2020,9.4467,9.5159,9.5456,9.4125,-0.66
24.11.2020,9.5091,9.3364,9.5641,9.2774,1.91
23.11.2020,9.3311,9.0508,9.4671,9.0508,3.14
20.11.2020,9.0466,8.9689,9.1448,8.9316,0.91
19.11.2020,8.9649,9.1343,9.1756,8.874,-1.82
18.11.2020,9.1308,9.1348,9.2495,9.1012,0.03
17.11.2020,9.1285,9.1256,9.2658,9.0889,0.05
16.11.2020,9.124,9.064,9.201,8.995,0.67
13.11.2020,9.0635,9.0779,9.1635,8.9723,-0.11
12.11.2020,9.0736,9.1856,9.2943,9.0353,-1.18
11.11.2020,9.1821,9.6217,9.7029,9.1628,-4.57
10.11.2020,9.622,9.5276,9.915,9.5226,1.03
09.11.2020,9.5238,10.129,10.1383,9.4906,-5.88
06.11.2020,10.1187,9.9577,10.2015,9.9214,1.61
05.11.2020,9.9587,9.8825,10.0259,9.875,0.83
04.11.2020,9.8767,9.8448,9.9536,9.7859,0.38
03.11.2020,9.8391,9.8048,10.0052,9.7976,0.41
02.11.2020,9.7988,9.7307,9.8394,9.7137,0.82
30.10.2020,9.7192,9.681,9.7993,9.6572,0.47
29.10.2020,9.6739,9.6993,9.7768,9.6468,-0.23
28.10.2020,9.6966,9.6574,9.7754,9.6397,0.43
27.10.2020,9.6547,9.5469,9.694,9.5448,1.21
26.10.2020,9.5397,9.4459,9.5704,9.4332,1.05
23.10.2020,9.4409,9.3785,9.4616,9.3365,0.73
22.10.2020,9.3722,9.2652,9.4466,9.1997,1.22
21.10.2020,9.2588,9.2989,9.3399,9.2498,-0.35
20.10.2020,9.2916,9.2787,9.3431,9.2647,0.22
19.10.2020,9.2713,9.3003,9.3236,9.2197,-0.24
16.10.2020,9.2939,9.2903,9.3407,9.2415,0.11
15.10.2020,9.284,9.2941,9.3297,9.269,-0.06
14.10.2020,9.2892,9.2992,9.3423,9.2829,-0.04
13.10.2020,9.2929,9.3218,9.3355,9.285,-0.27
12.10.2020,9.318,9.2892,9.3497,9.2682,0.31
09.10.2020,9.2896,9.342,9.3729,9.2631,-0.5
08.10.2020,9.3366,9.274,9.3479,9.2655,0.74
07.10.2020,9.2678,9.1517,9.298,9.1321,1.31
06.10.2020,9.1478,9.1475,9.2046,9.1222,0.06
05.10.2020,9.1419,9.107,9.1663,9.0637,0.43
02.10.2020,9.1027,9.1082,9.1323,9.0318,-0.01
01.10.2020,9.1039,9.0463,9.1413,8.9553,0.69
30.09.2020,9.0413,9.1825,9.2018,9.0209,-1.46
29.09.2020,9.1751,9.1048,9.2278,9.069,0.82
28.09.2020,9.1005,8.9202,9.1488,8.894,2.14
25.09.2020,8.9094,8.9021,8.9407,8.7464,0.17
24.09.2020,8.8946,8.9794,9.0161,8.78,-0.88
23.09.2020,8.9736,8.9756,9.0093,8.9279,0.05
22.09.2020,8.969,8.9841,9.0063,8.9225,-0.12
21.09.2020,8.9796,8.9584,9.0009,8.9299,0.39
18.09.2020,8.9444,8.9461,8.9984,8.9182,0.05
17.09.2020,8.9402,8.8708,8.9557,8.7952,0.83
16.09.2020,8.8669,8.8804,8.9073,8.8373,0.0
15.09.2020,8.8665,8.887,8.921,8.8414,-0.1
14.09.2020,8.8753,8.8539,8.9125,8.8384,0.27
11.09.2020,8.8511,8.8015,8.8745,8.7934,0.6
10.09.2020,8.7984,8.8365,8.8818,8.791,-0.38
09.09.2020,8.832,8.818,8.8648,8.7778,0.25
08.09.2020,8.8097,8.811,8.8475,8.7826,0.01
07.09.2020,8.8086,8.7994,8.8378,8.7789,0.11
04.09.2020,8.7988,8.8123,8.8367,8.7389,-0.1
03.09.2020,8.808,8.7541,8.8312,8.6969,0.66
02.09.2020,8.7501,8.7785,8.793,8.707,-0.25
01.09.2020,8.772,8.7737,8.8483,8.757,0.04
31.08.2020,8.7689,8.7278,8.8145,8.6953,0.46
28.08.2020,8.7284,8.703,8.7549,8.6621,0.34
27.08.2020,8.6987,8.7197,8.7426,8.6197,-0.17
26.08.2020,8.7135,8.7496,8.783,8.6286,-0.32
25.08.2020,8.7413,8.6975,8.7666,8.6814,0.53
24.08.2020,8.695,8.6501,8.7425,8.6074,0.48
21.08.2020,8.6534,8.6552,8.7256,8.4635,0.04
20.08.2020,8.6497,8.6336,8.7199,8.5995,0.24
19.08.2020,8.629,8.7975,8.824,8.5632,-1.85
18.08.2020,8.7919,8.7648,8.8258,8.7508,0.39
17.08.2020,8.7578,8.7324,8.7909,8.711,0.4
14.08.2020,8.7226,8.6703,8.7539,8.6279,0.67
13.08.2020,8.6646,8.641,8.7197,8.5979,0.35
12.08.2020,8.6341,8.4871,8.656,8.4279,2.12
11.08.2020,8.455,8.6094,8.644,8.4454,-1.75
10.08.2020,8.6059,8.5983,8.6824,8.498,0.15
07.08.2020,8.5933,8.5981,8.7264,8.4004,0.0
06.08.2020,8.593,8.3605,8.677,8.3399,2.85
05.08.2020,8.3547,8.1443,8.4205,8.1392,2.65
04.08.2020,8.1389,8.1859,8.2208,8.1171,-0.51
03.08.2020,8.1807,8.2157,8.2401,8.1682,-0.34
31.07.2020,8.2088,8.2869,8.3094,8.205,-0.89
30.07.2020,8.2824,8.2316,8.2997,8.1596,0.6
29.07.2020,8.2327,8.1271,8.2587,8.1187,1.36
28.07.2020,8.1219,8.0645,8.1878,8.0365,0.76
27.07.2020,8.0606,7.9759,8.1854,7.9655,1.05
24.07.2020,7.9767,7.9368,7.9868,7.9209,0.6
23.07.2020,7.929,7.9255,7.9615,7.893,0.06
22.07.2020,7.9241,7.8664,7.95,7.8593,0.81
21.07.2020,7.8607,7.8522,7.881,7.8168,0.25
20.07.2020,7.8414,7.8335,7.8685,7.8151,0.09
17.07.2020,7.834,7.8062,7.8646,7.7945,0.41
16.07.2020,7.8017,7.8232,7.8476,7.7947,-0.22
15.07.2020,7.8192,7.8235,7.8636,7.8133,-0.02
14.07.2020,7.8206,7.7808,7.8375,7.7695,0.58
13.07.2020,7.7756,7.7576,7.8073,7.7518,0.3
10.07.2020,7.7525,7.7424,7.7786,7.715,0.17
09.07.2020,7.7394,7.773,7.8033,7.7326,-0.36
08.07.2020,7.7677,7.7327,7.7935,7.7181,0.54
07.07.2020,7.7261,7.759,7.7772,7.7228,-0.36
06.07.2020,7.7543,7.7147,7.7877,7.7101,0.5
03.07.2020,7.7157,7.7006,7.744,7.6804,0.27
02.07.2020,7.6953,7.7052,7.7495,7.6843,-0.05
01.07.2020,7.6994,7.6971,7.7291,7.6649,0.08
30.06.2020,7.6932,7.7058,7.7194,7.6649,-0.12
29.06.2020,7.7021,7.695,7.7408,7.6849,0.23
26.06.2020,7.6843,7.6911,7.7073,7.6612,-0.05
25.06.2020,7.688,7.7132,7.7203,7.6501,-0.29
24.06.2020,7.71,7.7477,7.768,7.7059,-0.41
23.06.2020,7.7414,7.7108,7.7815,7.6897,0.44
22.06.2020,7.7076,7.6651,7.7164,7.6427,0.69
19.06.2020,7.6547,7.6831,7.7193,7.6402,-0.3
18.06.2020,7.6777,7.6963,7.7264,7.6677,-0.19
17.06.2020,7.6922,7.709,7.727,7.672,-0.15
16.06.2020,7.7035,7.7404,7.7628,7.6793,-0.43
15.06.2020,7.7367,7.6646,7.7603,7.6463,0.94
12.06.2020,7.6646,7.7301,7.7498,7.6544,-0.8
11.06.2020,7.7265,7.7076,7.799,7.6764,0.34
10.06.2020,7.7,7.7071,7.7513,7.6875,-0.02
09.06.2020,7.7016,7.668,7.7295,7.6293,0.57
08.06.2020,7.6578,7.6427,7.6894,7.6248,0.3
05.06.2020,7.6348,7.6593,7.7002,7.6185,-0.25
04.06.2020,7.6538,7.5762,7.6848,7.5325,1.08
03.06.2020,7.5723,7.5015,7.6016,7.4765,1.0
02.06.2020,7.4972,7.5876,7.6164,7.4676,-1.12
01.06.2020,7.5821,7.5684,7.6055,7.5578,0.2
29.05.2020,7.5668,7.5479,7.62,7.5421,0.32
28.05.2020,7.5425,7.4543,7.5633,7.4461,1.26
27.05.2020,7.4489,7.3888,7.4767,7.3748,0.89
26.05.2020,7.3835,7.4226,7.4489,7.3485,-0.49
25.05.2020,7.42,7.4297,7.4413,7.3994,-0.04
22.05.2020,7.423,7.4364,7.453,7.3877,-0.02
21.05.2020,7.4244,7.4556,7.4897,7.4274,-0.35
20.05.2020,7.4503,7.403,7.4735,7.3924,0.72
19.05.2020,7.3973,7.5136,7.5274,7.3965,-1.5
18.05.2020,7.51,7.4644,7.5226,7.3833,0.65
15.05.2020,7.4615,7.4792,7.5084,7.449,-0.17
14.05.2020,7.4742,7.5457,7.5585,7.444,-0.87
13.05.2020,7.5396,7.5904,7.6033,7.5345,-0.64
12.05.2020,7.5885,7.6473,7.6507,7.5599,-0.73
11.05.2020,7.6444,7.6832,7.7126,7.635,-0.42
08.05.2020,7.6769,7.7133,7.7838,7.6475,-0.42
07.05.2020,7.7093,7.7674,7.8467,7.6107,-0.75
06.05.2020,7.7675,7.6688,7.7909,7.6556,1.36
05.05.2020,7.6632,7.6838,7.7141,7.6421,-0.22
04.05.2020,7.68,7.6996,7.7158,7.6474,-0.18
01.05.2020,7.6941,7.6543,7.7559,7.6361,0.58
30.04.2020,7.6498,7.56,7.6723,7.5387,1.26
29.04.2020,7.5546,7.5597,7.605,7.536,-0.01
28.04.2020,7.5553,7.5656,7.6238,7.5542,-0.07
27.04.2020,7.5608,7.543,7.592,7.5156,0.22
24.04.2020,7.5441,7.4866,7.5616,7.4683,0.84
23.04.2020,7.4809,7.5534,7.5662,7.4706,-0.92
22.04.2020,7.5507,7.5795,7.6181,7.544,-0.35
21.04.2020,7.5772,7.5384,7.6073,7.518,0.57
20.04.2020,7.5341,7.538,7.5715,7.4637,0.0
17.04.2020,7.5341,7.5205,7.5618,7.4008,0.23
16.04.2020,7.517,7.5411,7.561,7.4977,-0.23
15.04.2020,7.5343,7.4841,7.5777,7.4725,0.7
14.04.2020,7.482,7.3917,7.496,7.3826,1.31
13.04.2020,7.3854,7.3278,7.4475,7.3266,0.87
10.04.2020,7.3215,7.2954,7.3639,7.275,0.42
09.04.2020,7.2912,7.3549,7.3734,7.2347,-0.79
08.04.2020,7.349,7.3552,7.3898,7.3259,0.01
07.04.2020,7.3484,7.3193,7.3946,7.2733,0.46
06.04.2020,7.3147,7.2715,7.3386,7.2548,0.58
03.04.2020,7.2727,7.1829,7.3008,7.1746,1.28
02.04.2020,7.1808,7.3484,7.3664,7.1452,-2.22
01.04.2020,7.3441,7.2962,7.363,7.2547,0.72
31.03.2020,7.2913,7.2663,7.3099,7.1746,0.4
30.03.2020,7.2622,7.1886,7.2839,7.1611,1.02
27.03.2020,7.1886,7.0572,7.1996,7.0485,1.94
26.03.2020,7.0515,6.983,7.1062,6.9736,1.05
25.03.2020,6.9783,6.9268,7.0167,6.9011,0.79
24.03.2020,6.9234,7.0348,7.0944,6.8888,-1.53
23.03.2020,7.0308,7.0083,7.139,6.9731,0.37
20.03.2020,7.0051,6.9967,7.0371,6.9482,0.21
19.03.2020,6.9903,7.0792,7.1307,6.9669,-1.19
18.03.2020,7.0747,7.0314,7.1327,6.9988,0.63
17.03.2020,7.0304,7.192,7.202,6.9991,-2.17
16.03.2020,7.1866,7.0234,7.2051,6.9883,2.23
13.03.2020,7.0296,7.0643,7.089,6.9671,-0.43
12.03.2020,7.0601,6.997,7.0928,6.9651,0.98
11.03.2020,6.9918,6.946,7.0373,6.9375,0.8
10.03.2020,6.9365,7.033,7.0638,6.9154,-1.34
09.03.2020,7.031,6.879,7.0918,6.8726,2.31
06.03.2020,6.8725,6.8682,6.9307,6.8261,0.22
05.03.2020,6.8574,6.7677,6.885,6.7457,1.39
04.03.2020,6.7635,6.8228,6.858,6.7519,-0.8
03.03.2020,6.8178,6.8741,6.9264,6.747,-0.76
02.03.2020,6.8699,6.8689,6.9586,6.8451,-0.12
28.02.2020,6.8782,6.8292,6.9138,6.8125,0.78
27.02.2020,6.8249,6.6983,6.8337,6.6915,1.93
26.02.2020,6.696,6.6853,6.7218,6.6722,0.24
25.02.2020,6.6798,6.6397,6.7002,6.5846,0.66
24.02.2020,6.636,6.6114,6.6756,6.5949,0.45
21.02.2020,6.6062,6.5792,6.6391,6.5702,0.5
20.02.2020,6.5731,6.5725,6.6031,6.5584,0.07
19.02.2020,6.5683,6.5445,6.5799,6.5313,0.44
18.02.2020,6.5396,6.5498,6.5806,6.5403,-0.09
17.02.2020,6.5456,6.558,6.5733,6.5389,-0.08
14.02.2020,6.5511,6.5485,6.5834,6.5363,0.12
13.02.2020,6.5432,6.5724,6.5972,6.5419,-0.33
12.02.2020,6.565,6.5674,6.608,6.5415,0.0
11.02.2020,6.5651,6.5584,6.6081,6.5469,0.14
10.02.2020,6.5556,6.5874,6.5981,6.543,-0.39
07.02.2020,6.5814,6.576,6.6377,6.5482,0.14
06.02.2020,6.5724,6.5807,6.5939,6.563,-0.04
05.02.2020,6.575,6.6045,6.6159,6.5727,-0.4
04.02.2020,6.6011,6.6185,6.6248,6.5836,-0.22
03.02.2020,6.6154,6.6357,6.6386,6.6039,-0.29
31.01.2020,6.6349,6.5889,6.6411,6.5789,0.83
30.01.2020,6.5802,6.5591,6.6079,6.5551,0.4
29.01.2020,6.5542,6.5474,6.5733,6.5316,0.16
28.01.2020,6.544,6.5491,6.5611,6.5287,-0.06
27.01.2020,6.548,6.5455,6.5679,6.5417,0.04
24.01.2020,6.5456,6.5602,6.57,6.5396,-0.13
23.01.2020,6.5544,6.5695,6.584,6.5422,-0.14
22.01.2020,6.5638,6.5813,6.5905,6.5531,-0.2
21.01.2020,6.5772,6.5607,6.5975,6.5558,0.31
20.01.2020,6.5568,6.5341,6.5701,6.5243,0.4
17.01.2020,6.5306,6.5256,6.5582,6.5087,0.17
16.01.2020,6.5192,6.5521,6.5757,6.5103,-0.47
15.01.2020,6.5498,6.5461,6.567,6.5377,0.13
14.01.2020,6.5416,6.5335,6.5778,6.5237,0.26
13.01.2020,6.5247,6.5392,6.544,6.5017,-0.16
10.01.2020,6.5349,6.5235,6.5477,6.504,0.27
09.01.2020,6.5171,6.5627,6.5905,6.5014,-0.59
08.01.2020,6.556,6.661,6.6844,6.5542,-1.54
07.01.2020,6.6583,6.6823,6.6871,6.6463,-0.3
06.01.2020,6.6783,6.6699,6.6982,6.6571,0.21
03.01.2020,6.6645,6.6547,6.6821,6.6424,0.19
02.01.2020,6.6519,6.6673,6.6822,6.6472,-0.2
01.01.2020,6.665,6.6697,6.6755,6.6625,-0.04
